{
    "epoch": 4.790123456790123,
    "total_flos": 3160100390830080.0,
    "train_loss": 3.1970801329612732,
    "train_runtime": 3279.3749,
    "train_samples_per_second": 0.123,
    "train_steps_per_second": 0.03
}